#{"t_start": 1716130939.4481466, "env_id": "Sprites-v0"}
r,l,t
23.79811,40,0.67086
