#{"t_start": 1716865859.01806, "env_id": "Sprites-v2"}
r,l,t
25.274553,40,0.50169
