#{"t_start": 1716098832.910954, "env_id": "Sprites-v0"}
r,l,t
30.287012,40,0.205959
27.422066,40,0.256032
