#{"t_start": 1716099525.8303916, "env_id": "Sprites-v0"}
r,l,t
27.821324,40,0.222569
26.868206,40,0.273945
