#{"t_start": 1716819943.6528566, "env_id": "Sprites-v1"}
r,l,t
27.740731,40,0.364926
