#{"t_start": 1716869372.2585669, "env_id": "Sprites-v0"}
r,l,t
31.4943,40,1.721032
