#{"t_start": 1716884770.7256188, "env_id": "Sprites-v0"}
r,l,t
27.266316,40,0.493979
