#{"t_start": 1716887211.5127823, "env_id": "Sprites-v0"}
r,l,t
32.575308,40,0.655424
