#{"t_start": 1716905603.919652, "env_id": "Sprites-v0"}
r,l,t
29.592248,40,1.660183
