#{"t_start": 1716125177.7124078, "env_id": "Sprites-v0"}
r,l,t
28.709356,40,0.381398
