#{"t_start": 1716741645.0774903, "env_id": "Sprites-v0"}
r,l,t
28.772089,40,0.586238
