#{"t_start": 1716904651.357572, "env_id": "Sprites-v0"}
r,l,t
25.473384,40,7.806469
