#{"t_start": 1716742857.3808181, "env_id": "Sprites-v0"}
r,l,t
31.669697,40,0.458926
