#{"t_start": 1716882087.0077581, "env_id": "Sprites-v0"}
r,l,t
28.19103,40,0.724292
