#{"t_start": 1716742857.5002532, "env_id": "Sprites-v0"}
r,l,t
30.537561,40,0.340014
