#{"t_start": 1716887211.9997754, "env_id": "Sprites-v0"}
r,l,t
21.323925,40,0.168351
