#{"t_start": 1716904650.07724, "env_id": "Sprites-v0"}
r,l,t
29.613787,40,9.086805
