#{"t_start": 1716869373.347672, "env_id": "Sprites-v0"}
r,l,t
29.183508,40,0.631915
