#{"t_start": 1716882087.481205, "env_id": "Sprites-v0"}
r,l,t
24.406394,40,0.250823
