#{"t_start": 1716741645.226665, "env_id": "Sprites-v0"}
r,l,t
27.82464,40,0.436991
