#{"t_start": 1716099525.5294514, "env_id": "Sprites-v0"}
r,l,t
25.417055,40,0.523475
26.160813,40,0.574808
