#{"t_start": 1716884770.652364, "env_id": "Sprites-v0"}
r,l,t
25.861049,40,0.567235
