#{"t_start": 1716098832.6868033, "env_id": "Sprites-v0"}
r,l,t
31.502285,40,0.430138
26.255189,40,0.480189
