#{"t_start": 1716865858.969695, "env_id": "Sprites-v2"}
r,l,t
33.917697,40,0.549465
