#{"t_start": 1716130939.8078947, "env_id": "Sprites-v0"}
r,l,t
32.873223,40,0.311128
