#{"t_start": 1716125177.879039, "env_id": "Sprites-v0"}
r,l,t
23.32096,40,0.214787
