#{"t_start": 1716905603.7865741, "env_id": "Sprites-v0"}
r,l,t
22.020219,40,1.793286
