#{"t_start": 1716819943.6627493, "env_id": "Sprites-v1"}
r,l,t
30.169249,40,0.355181
