#{"t_start": 1716869373.5894442, "env_id": "Sprites-v0"}
r,l,t
29.76131,40,0.390794
