#{"t_start": 1716125178.011073, "env_id": "Sprites-v0"}
r,l,t
26.457294,40,0.084054
