#{"t_start": 1716887211.913626, "env_id": "Sprites-v0"}
r,l,t
28.460541,40,0.255783
