#{"t_start": 1716904650.058217, "env_id": "Sprites-v0"}
r,l,t
30.174556,40,9.106756
