#{"t_start": 1716742857.535726, "env_id": "Sprites-v0"}
r,l,t
27.07482,40,0.307621
