#{"t_start": 1716130939.8936026, "env_id": "Sprites-v0"}
r,l,t
28.242119,40,0.226388
