#{"t_start": 1716882087.3603122, "env_id": "Sprites-v0"}
r,l,t
27.455578,40,0.37294
