#{"t_start": 1716905603.1794949, "env_id": "Sprites-v0"}
r,l,t
33.272184,40,2.400663
