#{"t_start": 1716884770.7032533, "env_id": "Sprites-v0"}
r,l,t
21.804161,40,0.51704
