#{"t_start": 1716819943.7602818, "env_id": "Sprites-v1"}
r,l,t
31.308284,40,0.260009
