#{"t_start": 1716865858.743732, "env_id": "Sprites-v2"}
r,l,t
29.273124,40,0.776909
