#{"t_start": 1716741645.1775777, "env_id": "Sprites-v0"}
r,l,t
25.499207,40,0.487359
