#{"t_start": 1716742857.62866, "env_id": "Sprites-v0"}
r,l,t
30.929411,40,0.214738
