#{"t_start": 1716887211.9933205, "env_id": "Sprites-v0"}
r,l,t
18.396177,40,0.175522
