#{"t_start": 1716130939.7834334, "env_id": "Sprites-v0"}
r,l,t
20.092387,40,0.33626
