#{"t_start": 1716884770.6961412, "env_id": "Sprites-v0"}
r,l,t
19.527806,40,0.525538
