#{"t_start": 1716741645.0975163, "env_id": "Sprites-v0"}
r,l,t
29.312948,40,0.56742
