#{"t_start": 1716865859.049319, "env_id": "Sprites-v2"}
r,l,t
21.760133,40,0.47137
