#{"t_start": 1716882087.5971348, "env_id": "Sprites-v0"}
r,l,t
23.656146,40,0.135575
