#{"t_start": 1716125177.94426, "env_id": "Sprites-v0"}
r,l,t
32.151324,40,0.150416
