#{"t_start": 1716904650.077091, "env_id": "Sprites-v0"}
r,l,t
21.292857,40,9.08811
