#{"t_start": 1716869373.445111, "env_id": "Sprites-v0"}
r,l,t
28.032641,40,0.535394
