#{"t_start": 1716905603.424227, "env_id": "Sprites-v0"}
r,l,t
27.758905,40,2.155988
