#{"t_start": 1716819943.183996, "env_id": "Sprites-v1"}
r,l,t
27.258482,40,0.836661
