#{"t_start": 1716819943.3346074, "env_id": "Sprites-v1"}
r,l,t
25.080873,40,0.685781
