#{"t_start": 1716882087.6171482, "env_id": "Sprites-v0"}
r,l,t
32.074397,40,0.116009
