#{"t_start": 1716741645.3904295, "env_id": "Sprites-v0"}
r,l,t
29.184269,40,0.275095
