#{"t_start": 1716869373.6434538, "env_id": "Sprites-v0"}
r,l,t
33.352104,40,0.337115
