#{"t_start": 1716905602.567536, "env_id": "Sprites-v0"}
r,l,t
26.445187,40,3.012674
