#{"t_start": 1716887211.8095112, "env_id": "Sprites-v0"}
r,l,t
29.180047,40,0.361369
