#{"t_start": 1716125177.7500286, "env_id": "Sprites-v0"}
r,l,t
28.067289,40,0.344935
