#{"t_start": 1716884771.049029, "env_id": "Sprites-v0"}
r,l,t
25.636733,40,0.173919
