#{"t_start": 1716742857.6221824, "env_id": "Sprites-v0"}
r,l,t
25.788379,40,0.221751
