#{"t_start": 1716904653.616884, "env_id": "Sprites-v0"}
r,l,t
24.902966,40,5.551144
