#{"t_start": 1716130940.034857, "env_id": "Sprites-v0"}
r,l,t
28.894355,40,0.085383
