#{"t_start": 1716865858.984319, "env_id": "Sprites-v2"}
r,l,t
31.267493,40,0.536442
