#{"t_start": 1716865859.101104, "env_id": "Sprites-v2"}
r,l,t
23.682767,40,0.419612
