#{"t_start": 1716125177.9657218, "env_id": "Sprites-v0"}
r,l,t
24.29826,40,0.129413
