#{"t_start": 1716819943.6193216, "env_id": "Sprites-v1"}
r,l,t
24.981333,40,0.401029
