#{"t_start": 1716869373.550126, "env_id": "Sprites-v0"}
r,l,t
30.728935,40,0.430456
