#{"t_start": 1716887211.6895325, "env_id": "Sprites-v0"}
r,l,t
27.42164,40,0.479381
