#{"t_start": 1716884770.8011985, "env_id": "Sprites-v0"}
r,l,t
25.243642,40,0.419675
