#{"t_start": 1716742857.4830565, "env_id": "Sprites-v0"}
r,l,t
27.051745,40,0.360859
