#{"t_start": 1716905602.5556521, "env_id": "Sprites-v0"}
r,l,t
32.220876,40,3.02459
