#{"t_start": 1716741645.179873, "env_id": "Sprites-v0"}
r,l,t
23.033173,40,0.486213
