#{"t_start": 1716904650.079956, "env_id": "Sprites-v0"}
r,l,t
32.260006,40,9.085281
