#{"t_start": 1716882087.563871, "env_id": "Sprites-v0"}
r,l,t
26.031142,40,0.169911
