#{"t_start": 1716130939.9380057, "env_id": "Sprites-v0"}
r,l,t
29.545454,40,0.182633
