#{"t_start": 1716819943.6847656, "env_id": "Sprites-v1"}
r,l,t
30.167245,40,0.335642
