#{"t_start": 1716742857.4975803, "env_id": "Sprites-v0"}
r,l,t
27.587245,40,0.346771
