#{"t_start": 1716882087.4617078, "env_id": "Sprites-v0"}
r,l,t
31.667546,40,0.271477
