#{"t_start": 1716887211.4426396, "env_id": "Sprites-v0"}
r,l,t
26.755838,40,0.72625
