#{"t_start": 1716884770.893209, "env_id": "Sprites-v0"}
r,l,t
29.273411,40,0.328163
