#{"t_start": 1716904650.439511, "env_id": "Sprites-v0"}
r,l,t
29.282548,40,8.725744
