#{"t_start": 1716905599.672066, "env_id": "Sprites-v0"}
r,l,t
29.829493,40,5.908259
