#{"t_start": 1716869373.6499672, "env_id": "Sprites-v0"}
r,l,t
25.766456,40,0.330672
