#{"t_start": 1716865858.910003, "env_id": "Sprites-v2"}
r,l,t
27.652525,40,0.611754
