#{"t_start": 1716741645.2029963, "env_id": "Sprites-v0"}
r,l,t
22.655845,40,0.463593
