#{"t_start": 1716130939.8125157, "env_id": "Sprites-v0"}
r,l,t
30.370574,40,0.307767
