#{"t_start": 1716125177.9155943, "env_id": "Sprites-v0"}
r,l,t
26.001534,40,0.179108
