#{"t_start": 1716904654.29481, "env_id": "Sprites-v0"}
r,l,t
33.879899,40,4.870629
