#{"t_start": 1716865859.0557618, "env_id": "Sprites-v2"}
r,l,t
29.72397,40,0.465943
