#{"t_start": 1716125177.8964758, "env_id": "Sprites-v0"}
r,l,t
34.852922,40,0.198453
