#{"t_start": 1716819943.7478473, "env_id": "Sprites-v1"}
r,l,t
26.006465,40,0.272537
