#{"t_start": 1716742857.568578, "env_id": "Sprites-v0"}
r,l,t
29.033788,40,0.275484
