#{"t_start": 1716887211.258194, "env_id": "Sprites-v0"}
r,l,t
23.071735,40,0.912194
