#{"t_start": 1716884770.7976186, "env_id": "Sprites-v0"}
r,l,t
28.425017,40,0.423295
