#{"t_start": 1716869373.653379, "env_id": "Sprites-v0"}
r,l,t
19.873452,40,0.327348
