#{"t_start": 1716882087.3880248, "env_id": "Sprites-v0"}
r,l,t
30.258182,40,0.344788
