#{"t_start": 1716741645.1220355, "env_id": "Sprites-v0"}
r,l,t
31.797353,40,0.545072
