#{"t_start": 1716130939.8187158, "env_id": "Sprites-v0"}
r,l,t
29.787871,40,0.301675
