#{"t_start": 1716905603.569628, "env_id": "Sprites-v0"}
r,l,t
23.853005,40,2.010813
