#{"t_start": 1716884770.9173691, "env_id": "Sprites-v0"}
r,l,t
25.257493,40,0.304494
