#{"t_start": 1716905599.682196, "env_id": "Sprites-v0"}
r,l,t
24.681715,40,5.898255
