#{"t_start": 1716887211.9393356, "env_id": "Sprites-v0"}
r,l,t
32.071282,40,0.231695
