#{"t_start": 1716904652.4956942, "env_id": "Sprites-v0"}
r,l,t
32.340892,40,6.669768
