#{"t_start": 1716887211.8883014, "env_id": "Sprites-v0"}
r,l,t
30.016889,40,0.281597
