#{"t_start": 1716904653.8833191, "env_id": "Sprites-v0"}
r,l,t
32.42799,40,5.282322
