#{"t_start": 1716884770.9901247, "env_id": "Sprites-v0"}
r,l,t
29.26067,40,0.232055
