#{"t_start": 1716905603.230987, "env_id": "Sprites-v0"}
r,l,t
23.48661,40,2.349504
