#{"t_start": 1716905603.8860202, "env_id": "Sprites-v0"}
r,l,t
29.040433,40,1.694524
