#{"t_start": 1716884770.2725916, "env_id": "Sprites-v0"}
r,l,t
30.537247,40,0.948916
