#{"t_start": 1716904656.453233, "env_id": "Sprites-v0"}
r,l,t
32.284457,40,2.71242
