#{"t_start": 1716887211.7948394, "env_id": "Sprites-v0"}
r,l,t
26.746134,40,0.376537
