#{"t_start": 1716884770.8810415, "env_id": "Sprites-v0"}
r,l,t
27.461502,40,0.342112
