#{"t_start": 1716904651.0963562, "env_id": "Sprites-v0"}
r,l,t
33.680811,40,8.06952
