#{"t_start": 1716887211.9097323, "env_id": "Sprites-v0"}
r,l,t
24.931637,40,0.259599
