#{"t_start": 1716905602.974229, "env_id": "Sprites-v0"}
r,l,t
32.845895,40,2.606352
