#{"t_start": 1716887211.6552665, "env_id": "Sprites-v0"}
r,l,t
28.418396,40,0.512871
