#{"t_start": 1716865858.8762429, "env_id": "Sprites-v2"}
r,l,t
33.191693,40,0.643161
