#{"t_start": 1716819943.489052, "env_id": "Sprites-v1"}
r,l,t
31.602975,40,0.528773
