#{"t_start": 1716130939.8165398, "env_id": "Sprites-v0"}
r,l,t
24.501765,40,0.30254
