#{"t_start": 1716098832.6467328, "env_id": "Sprites-v0"}
r,l,t
28.451378,40,0.470189
27.834242,40,0.520266
