#{"t_start": 1716742857.485358, "env_id": "Sprites-v0"}
r,l,t
29.748233,40,0.354937
