#{"t_start": 1716099525.7594838, "env_id": "Sprites-v0"}
r,l,t
21.367,40,0.293461
29.097478,40,0.344817
