#{"t_start": 1716125177.8715234, "env_id": "Sprites-v0"}
r,l,t
27.67637,40,0.222319
