#{"t_start": 1716905603.133835, "env_id": "Sprites-v0"}
r,l,t
28.163899,40,2.446033
