#{"t_start": 1716869373.6156192, "env_id": "Sprites-v0"}
r,l,t
31.527847,40,0.364003
