#{"t_start": 1716884770.9424434, "env_id": "Sprites-v0"}
r,l,t
29.585039,40,0.277716
