#{"t_start": 1716904650.059356, "env_id": "Sprites-v0"}
r,l,t
23.941733,40,9.105028
