#{"t_start": 1716741644.9835355, "env_id": "Sprites-v0"}
r,l,t
32.127242,40,0.680158
