#{"t_start": 1716882087.419538, "env_id": "Sprites-v0"}
r,l,t
32.719178,40,0.31251
