#{"t_start": 1716905603.7382941, "env_id": "Sprites-v0"}
r,l,t
26.711731,40,1.842336
