#{"t_start": 1716904654.027335, "env_id": "Sprites-v0"}
r,l,t
32.895607,40,5.138625
