#{"t_start": 1716884770.992275, "env_id": "Sprites-v0"}
r,l,t
27.424089,40,0.230621
