#{"t_start": 1716887211.9445708, "env_id": "Sprites-v0"}
r,l,t
23.777023,40,0.225241
