#{"t_start": 1716887211.6457078, "env_id": "Sprites-v0"}
r,l,t
32.660223,40,0.524584
