#{"t_start": 1716884770.664144, "env_id": "Sprites-v0"}
r,l,t
32.540351,40,0.557394
