#{"t_start": 1716904654.291177, "env_id": "Sprites-v0"}
r,l,t
20.015435,40,4.87505
