#{"t_start": 1716905603.8327591, "env_id": "Sprites-v0"}
r,l,t
26.460692,40,1.747917
