#{"t_start": 1716887211.9488044, "env_id": "Sprites-v0"}
r,l,t
30.110978,40,0.220232
