#{"t_start": 1716905603.9073422, "env_id": "Sprites-v0"}
r,l,t
29.267554,40,1.67335
