#{"t_start": 1716904650.547742, "env_id": "Sprites-v0"}
r,l,t
30.325428,40,8.618593
