#{"t_start": 1716884770.9187326, "env_id": "Sprites-v0"}
r,l,t
26.007752,40,0.303377
