#{"t_start": 1716887211.7205253, "env_id": "Sprites-v0"}
r,l,t
30.511434,40,0.449043
