#{"t_start": 1716905603.506762, "env_id": "Sprites-v0"}
r,l,t
28.650223,40,2.073959
