#{"t_start": 1716904650.043533, "env_id": "Sprites-v0"}
r,l,t
32.201625,40,9.122891
