#{"t_start": 1716884771.0018747, "env_id": "Sprites-v0"}
r,l,t
29.526637,40,0.220812
