#{"t_start": 1716905603.625432, "env_id": "Sprites-v0"}
r,l,t
32.309548,40,1.955362
