#{"t_start": 1716884770.9770942, "env_id": "Sprites-v0"}
r,l,t
22.181673,40,0.246011
