#{"t_start": 1716887211.6799412, "env_id": "Sprites-v0"}
r,l,t
26.378824,40,0.490148
