#{"t_start": 1716904653.232327, "env_id": "Sprites-v0"}
r,l,t
26.556589,40,5.93419
