#{"t_start": 1716884770.9177277, "env_id": "Sprites-v0"}
r,l,t
30.626487,40,0.304427
