#{"t_start": 1716904650.286409, "env_id": "Sprites-v0"}
r,l,t
30.737804,40,8.878055
