#{"t_start": 1716887211.873499, "env_id": "Sprites-v0"}
r,l,t
27.653814,40,0.296766
