#{"t_start": 1716905602.950294, "env_id": "Sprites-v0"}
r,l,t
20.559375,40,2.630522
