#{"t_start": 1716884770.6107118, "env_id": "Sprites-v0"}
r,l,t
25.601266,40,0.611636
