#{"t_start": 1716904654.963232, "env_id": "Sprites-v0"}
r,l,t
25.466891,40,4.203348
