#{"t_start": 1716905603.452768, "env_id": "Sprites-v0"}
r,l,t
24.930683,40,2.128079
