#{"t_start": 1716887211.7544234, "env_id": "Sprites-v0"}
r,l,t
26.62724,40,0.415717
