#{"t_start": 1716904655.1453838, "env_id": "Sprites-v0"}
r,l,t
24.652765,40,4.021344
