#{"t_start": 1716887211.2596376, "env_id": "Sprites-v0"}
r,l,t
27.170672,40,0.912025
