#{"t_start": 1716884770.998756, "env_id": "Sprites-v0"}
r,l,t
31.77156,40,0.224748
