#{"t_start": 1716905603.86834, "env_id": "Sprites-v0"}
r,l,t
20.624269,40,1.712513
