#{"t_start": 1716904650.263294, "env_id": "Sprites-v0"}
r,l,t
30.044784,40,8.903412
