#{"t_start": 1716884770.6151452, "env_id": "Sprites-v0"}
r,l,t
25.605134,40,0.607061
