#{"t_start": 1716905603.920192, "env_id": "Sprites-v0"}
r,l,t
34.481445,40,1.660741
