#{"t_start": 1716887211.554913, "env_id": "Sprites-v0"}
r,l,t
27.507894,40,0.617137
