#{"t_start": 1716904656.501676, "env_id": "Sprites-v0"}
r,l,t
30.783036,40,2.665079
