#{"t_start": 1716887211.923484, "env_id": "Sprites-v0"}
r,l,t
29.837844,40,0.248054
