#{"t_start": 1716905603.927615, "env_id": "Sprites-v0"}
r,l,t
16.612614,40,1.653381
