#{"t_start": 1716884770.9328392, "env_id": "Sprites-v0"}
r,l,t
30.258952,40,0.289704
