#{"t_start": 1716884770.6056616, "env_id": "Sprites-v0"}
r,l,t
31.689044,40,0.613982
