#{"t_start": 1716905603.777979, "env_id": "Sprites-v0"}
r,l,t
24.997176,40,1.802118
