#{"t_start": 1716130939.934335, "env_id": "Sprites-v0"}
r,l,t
21.897657,40,0.184745
