#{"t_start": 1716865859.0874681, "env_id": "Sprites-v2"}
r,l,t
25.888313,40,0.431951
