#{"t_start": 1716742857.5791204, "env_id": "Sprites-v0"}
r,l,t
30.479916,40,0.261679
