#{"t_start": 1716098832.930427, "env_id": "Sprites-v0"}
r,l,t
30.521823,40,0.186475
26.153399,40,0.236544
