#{"t_start": 1716099525.8543215, "env_id": "Sprites-v0"}
r,l,t
27.121707,40,0.198667
25.069082,40,0.249968
