#{"t_start": 1716904650.0434618, "env_id": "Sprites-v0"}
r,l,t
25.68992,40,9.120756
