#{"t_start": 1716741645.2551174, "env_id": "Sprites-v0"}
r,l,t
26.107051,40,0.409176
