#{"t_start": 1716887211.579999, "env_id": "Sprites-v0"}
r,l,t
26.013061,40,0.588843
