#{"t_start": 1716819943.4147694, "env_id": "Sprites-v1"}
r,l,t
31.076257,40,0.603105
