#{"t_start": 1716882087.6346638, "env_id": "Sprites-v0"}
r,l,t
26.769088,40,0.097438
