#{"t_start": 1716869373.579979, "env_id": "Sprites-v0"}
r,l,t
23.294544,40,0.400011
