#{"t_start": 1716125177.4804535, "env_id": "Sprites-v0"}
r,l,t
27.304751,40,0.613403
