#{"t_start": 1716904653.816705, "env_id": "Sprites-v0"}
r,l,t
28.511644,40,5.350224
