#{"t_start": 1716884770.9506783, "env_id": "Sprites-v0"}
r,l,t
26.11667,40,0.272085
