#{"t_start": 1716887211.3054206, "env_id": "Sprites-v0"}
r,l,t
29.554544,40,0.865299
