#{"t_start": 1716905603.778273, "env_id": "Sprites-v0"}
r,l,t
31.264978,40,1.802745
