#{"t_start": 1716905603.4563992, "env_id": "Sprites-v0"}
r,l,t
28.012567,40,2.124811
