#{"t_start": 1716904654.927635, "env_id": "Sprites-v0"}
r,l,t
26.455049,40,4.239601
