#{"t_start": 1716884770.725658, "env_id": "Sprites-v0"}
r,l,t
34.862017,40,0.496557
