#{"t_start": 1716887211.3288398, "env_id": "Sprites-v0"}
r,l,t
28.60308,40,0.842119
