#{"t_start": 1716887211.6956196, "env_id": "Sprites-v0"}
r,l,t
30.666468,40,0.473994
