#{"t_start": 1716130939.9425695, "env_id": "Sprites-v0"}
r,l,t
24.84444,40,0.177049
