#{"t_start": 1716882087.4590433, "env_id": "Sprites-v0"}
r,l,t
24.467672,40,0.273059
