#{"t_start": 1716125177.7596948, "env_id": "Sprites-v0"}
r,l,t
32.144006,40,0.334577
