#{"t_start": 1716869373.5002701, "env_id": "Sprites-v0"}
r,l,t
25.513495,40,0.47957
