#{"t_start": 1716098832.8259654, "env_id": "Sprites-v0"}
r,l,t
31.748363,40,0.291052
25.763671,40,0.341132
