#{"t_start": 1716819943.641285, "env_id": "Sprites-v1"}
r,l,t
29.181268,40,0.377397
