#{"t_start": 1716741644.655622, "env_id": "Sprites-v0"}
r,l,t
30.837326,40,1.009224
