#{"t_start": 1716905604.046408, "env_id": "Sprites-v0"}
r,l,t
31.112359,40,1.533692
