#{"t_start": 1716099525.8658593, "env_id": "Sprites-v0"}
r,l,t
26.04157,40,0.187116
31.345418,40,0.238468
