#{"t_start": 1716884770.2513914, "env_id": "Sprites-v0"}
r,l,t
31.371113,40,0.96928
