#{"t_start": 1716865858.3029299, "env_id": "Sprites-v2"}
r,l,t
28.003304,40,1.216491
