#{"t_start": 1716742857.270968, "env_id": "Sprites-v0"}
r,l,t
28.255836,40,0.570324
