#{"t_start": 1716904650.143913, "env_id": "Sprites-v0"}
r,l,t
24.790063,40,9.020454
