#{"t_start": 1716099525.9977405, "env_id": "Sprites-v0"}
r,l,t
22.849839,40,0.055272
25.684453,40,0.106586
