#{"t_start": 1716742856.8710701, "env_id": "Sprites-v0"}
r,l,t
28.837934,40,0.970759
