#{"t_start": 1716882087.3443813, "env_id": "Sprites-v0"}
r,l,t
27.194173,40,0.388221
