#{"t_start": 1716098833.047263, "env_id": "Sprites-v0"}
r,l,t
23.125676,40,0.069782
32.767605,40,0.119865
