#{"t_start": 1716819943.7884002, "env_id": "Sprites-v1"}
r,l,t
27.075809,40,0.230085
