#{"t_start": 1716741644.5955477, "env_id": "Sprites-v0"}
r,l,t
24.457005,40,1.068754
