#{"t_start": 1716905603.9060102, "env_id": "Sprites-v0"}
r,l,t
34.773705,40,1.674077
