#{"t_start": 1716869373.565108, "env_id": "Sprites-v0"}
r,l,t
24.270393,40,0.414651
