#{"t_start": 1716130939.8211243, "env_id": "Sprites-v0"}
r,l,t
27.837297,40,0.297987
