#{"t_start": 1716125177.8400717, "env_id": "Sprites-v0"}
r,l,t
30.533866,40,0.254163
