#{"t_start": 1716865859.117513, "env_id": "Sprites-v2"}
r,l,t
28.685219,40,0.401748
