#{"t_start": 1716904652.004568, "env_id": "Sprites-v0"}
r,l,t
20.425963,40,7.159755
