#{"t_start": 1716887211.7108498, "env_id": "Sprites-v0"}
r,l,t
29.33832,40,0.457789
