#{"t_start": 1716884770.9830358, "env_id": "Sprites-v0"}
r,l,t
28.678359,40,0.237086
