#{"t_start": 1716884770.1797476, "env_id": "Sprites-v0"}
r,l,t
22.599129,40,1.03994
