#{"t_start": 1716882087.4472532, "env_id": "Sprites-v0"}
r,l,t
29.797541,40,0.286508
