#{"t_start": 1716130939.744575, "env_id": "Sprites-v0"}
r,l,t
28.111625,40,0.375054
