#{"t_start": 1716819943.3138049, "env_id": "Sprites-v1"}
r,l,t
28.379557,40,0.70471
