#{"t_start": 1716098832.8356578, "env_id": "Sprites-v0"}
r,l,t
26.70958,40,0.281285
30.15559,40,0.331482
