#{"t_start": 1716869373.37953, "env_id": "Sprites-v0"}
r,l,t
30.009478,40,0.600223
