#{"t_start": 1716865859.1335979, "env_id": "Sprites-v2"}
r,l,t
31.851919,40,0.385742
