#{"t_start": 1716887211.6158013, "env_id": "Sprites-v0"}
r,l,t
27.746419,40,0.552432
