#{"t_start": 1716905600.5197551, "env_id": "Sprites-v0"}
r,l,t
22.663211,40,5.062163
