#{"t_start": 1716904650.648729, "env_id": "Sprites-v0"}
r,l,t
16.879063,40,8.515906
