#{"t_start": 1716741645.1005425, "env_id": "Sprites-v0"}
r,l,t
32.545455,40,0.563815
