#{"t_start": 1716099525.7119782, "env_id": "Sprites-v0"}
r,l,t
24.262103,40,0.34112
34.321106,40,0.392463
