#{"t_start": 1716125177.6018643, "env_id": "Sprites-v0"}
r,l,t
29.866386,40,0.492395
