#{"t_start": 1716742857.3156772, "env_id": "Sprites-v0"}
r,l,t
22.978603,40,0.526152
