#{"t_start": 1716098833.060418, "env_id": "Sprites-v0"}
r,l,t
27.973087,40,0.056566
33.715784,40,0.106722
