#{"t_start": 1716130939.860657, "env_id": "Sprites-v0"}
r,l,t
26.508769,40,0.258962
