#{"t_start": 1716884770.6453, "env_id": "Sprites-v0"}
r,l,t
21.63586,40,0.57494
