#{"t_start": 1716904650.520878, "env_id": "Sprites-v0"}
r,l,t
28.724534,40,8.643475
