#{"t_start": 1716742857.2025752, "env_id": "Sprites-v0"}
r,l,t
24.251021,40,0.63986
