#{"t_start": 1716882087.36945, "env_id": "Sprites-v0"}
r,l,t
30.172161,40,0.363802
