#{"t_start": 1716741645.3104055, "env_id": "Sprites-v0"}
r,l,t
27.007032,40,0.353945
