#{"t_start": 1716905603.746065, "env_id": "Sprites-v0"}
r,l,t
24.729624,40,1.833972
