#{"t_start": 1716099525.7122893, "env_id": "Sprites-v0"}
r,l,t
24.843112,40,0.340742
21.077835,40,0.392113
