#{"t_start": 1716887210.6158419, "env_id": "Sprites-v0"}
r,l,t
27.89973,40,1.555656
