#{"t_start": 1716819943.7463412, "env_id": "Sprites-v1"}
r,l,t
30.347435,40,0.272745
