#{"t_start": 1716869373.5802171, "env_id": "Sprites-v0"}
r,l,t
31.007195,40,0.399868
