#{"t_start": 1716125177.7667007, "env_id": "Sprites-v0"}
r,l,t
24.697485,40,0.327265
