#{"t_start": 1716865859.037392, "env_id": "Sprites-v2"}
r,l,t
25.852459,40,0.482125
