#{"t_start": 1716882087.1932113, "env_id": "Sprites-v0"}
r,l,t
23.433835,40,0.53948
