#{"t_start": 1716904656.681741, "env_id": "Sprites-v0"}
r,l,t
29.819749,40,2.482936
