#{"t_start": 1716905603.912988, "env_id": "Sprites-v0"}
r,l,t
30.082102,40,1.667037
