#{"t_start": 1716887211.9414656, "env_id": "Sprites-v0"}
r,l,t
24.26446,40,0.227884
