#{"t_start": 1716884770.7672284, "env_id": "Sprites-v0"}
r,l,t
27.577279,40,0.453039
