#{"t_start": 1716742857.4570785, "env_id": "Sprites-v0"}
r,l,t
32.136635,40,0.38532
