#{"t_start": 1716741645.186077, "env_id": "Sprites-v0"}
r,l,t
26.623523,40,0.479226
