#{"t_start": 1716130939.8560936, "env_id": "Sprites-v0"}
r,l,t
32.886869,40,0.264026
