#{"t_start": 1716869373.639355, "env_id": "Sprites-v0"}
r,l,t
30.681505,40,0.340859
