#{"t_start": 1716865858.975501, "env_id": "Sprites-v2"}
r,l,t
28.276503,40,0.544337
