#{"t_start": 1716125177.686286, "env_id": "Sprites-v0"}
r,l,t
31.539938,40,0.408416
