#{"t_start": 1716819943.3635433, "env_id": "Sprites-v1"}
r,l,t
25.669882,40,0.655569
