#{"t_start": 1716742857.3036797, "env_id": "Sprites-v0"}
r,l,t
23.624114,40,0.53921
