#{"t_start": 1716887211.9466197, "env_id": "Sprites-v0"}
r,l,t
30.541102,40,0.222304
