#{"t_start": 1716869373.480255, "env_id": "Sprites-v0"}
r,l,t
32.094957,40,0.499959
