#{"t_start": 1716819943.6868277, "env_id": "Sprites-v1"}
r,l,t
31.846993,40,0.332873
