#{"t_start": 1716130939.7472246, "env_id": "Sprites-v0"}
r,l,t
29.073777,40,0.372433
