#{"t_start": 1716884770.9289062, "env_id": "Sprites-v0"}
r,l,t
28.012347,40,0.292272
