#{"t_start": 1716882087.4380245, "env_id": "Sprites-v0"}
r,l,t
27.579356,40,0.295596
