#{"t_start": 1716865859.115563, "env_id": "Sprites-v2"}
r,l,t
27.321616,40,0.405074
