#{"t_start": 1716905603.921361, "env_id": "Sprites-v0"}
r,l,t
27.34309,40,1.658676
