#{"t_start": 1716904654.090893, "env_id": "Sprites-v0"}
r,l,t
23.225216,40,5.073853
