#{"t_start": 1716125177.9922557, "env_id": "Sprites-v0"}
r,l,t
29.651057,40,0.102236
