#{"t_start": 1716741644.9660158, "env_id": "Sprites-v0"}
r,l,t
31.469021,40,0.699739
