#{"t_start": 1716906019.2173052, "env_id": "Sprites-v0"}
r,l,t
34.818288,40,4.361529
