#{"t_start": 1716904908.415925, "env_id": "Sprites-v0"}
r,l,t
29.601149,40,7.300486
