#{"t_start": 1716887203.5011938, "env_id": "Sprites-v0"}
r,l,t
29.789995,40,1.01793
21.020655,40,8.990254
22.674955,40,10.109856
27.978251,40,11.234908
28.367163,40,12.348681
24.283621,40,13.482449
30.674363,40,14.589725
22.877208,40,15.634423
33.915453,40,16.70673
28.82542,40,17.755295
27.670149,40,18.85021
