#{"t_start": 1716869350.8930318, "env_id": "Sprites-v0"}
r,l,t
22.176412,40,1.926688
25.238034,40,2.206122
27.72213,40,2.468428
26.997879,40,2.719656
33.232721,40,2.975721
26.506813,40,23.490639
25.086934,40,23.739737
26.329306,40,23.993961
26.352236,40,24.253425
33.551345,40,24.509804
34.252742,40,32.05952
28.753207,40,32.294663
26.996032,40,32.531766
29.94591,40,32.766807
30.288011,40,33.008698
