#{"t_start": 1716905568.971942, "env_id": "Sprites-v0"}
r,l,t
28.22682,40,4.892919
30.774806,40,37.190406
28.51187,40,41.056489
24.356086,40,44.331093
26.370713,40,47.706986
27.6686,40,51.082629
25.068596,40,54.366158
32.417597,40,57.776726
29.732417,40,61.325431
29.583201,40,65.115411
