#{"t_start": 1716904620.2752798, "env_id": "Sprites-v0"}
r,l,t
32.161715,40,8.073387
25.017513,40,39.831904
32.884498,40,44.085381
32.451213,40,47.453349
