#{"t_start": 1716864958.2769961, "env_id": "Sprites-v2"}
r,l,t
25.519904,40,1.460516
29.133398,40,1.854782
27.734147,40,2.142431
22.018252,40,2.420033
29.631949,40,2.667278
