#{"t_start": 1716907222.807898, "env_id": "Sprites-v0"}
r,l,t
20.924363,40,5.622969
