#{"t_start": 1716904621.528437, "env_id": "Sprites-v0"}
r,l,t
28.900746,40,6.820244
29.002874,40,38.577042
24.464756,40,42.832238
32.358441,40,46.200201
