#{"t_start": 1716905564.7662039, "env_id": "Sprites-v0"}
r,l,t
24.095327,40,9.098374
16.794036,40,41.39615
29.808663,40,45.262251
31.367619,40,48.536842
20.287768,40,51.912733
35.462735,40,55.288379
28.104891,40,58.571909
28.247156,40,61.982465
27.301208,40,65.530895
26.692297,40,69.321162
