#{"t_start": 1716869350.7242281, "env_id": "Sprites-v0"}
r,l,t
23.949444,40,2.095186
26.694171,40,2.374966
24.164969,40,2.63724
29.288838,40,2.888474
29.558393,40,3.144543
27.115961,40,23.659479
35.227511,40,23.908562
27.352493,40,24.16278
32.546607,40,24.422245
29.233319,40,24.678262
21.421496,40,32.228347
32.400596,40,32.463473
24.832716,40,32.700572
29.879697,40,32.935623
27.08993,40,33.177391
