#{"t_start": 1716904910.433766, "env_id": "Sprites-v0"}
r,l,t
32.400936,40,5.280183
