#{"t_start": 1716864958.407514, "env_id": "Sprites-v2"}
r,l,t
31.422443,40,1.329993
27.509044,40,1.724815
25.922149,40,2.011913
29.886686,40,2.289518
25.747546,40,2.536768
