#{"t_start": 1716907223.668907, "env_id": "Sprites-v0"}
r,l,t
29.360072,40,4.761966
