#{"t_start": 1716887203.5503426, "env_id": "Sprites-v0"}
r,l,t
24.208141,40,0.968781
30.868226,40,8.941176
24.175127,40,10.060808
29.389913,40,11.185857
29.666481,40,12.299495
31.84705,40,13.43338
29.3643,40,14.540495
29.002896,40,15.585306
27.397906,40,16.657601
28.843509,40,17.706159
30.047587,40,18.801068
