#{"t_start": 1716906016.473502, "env_id": "Sprites-v0"}
r,l,t
31.077215,40,7.105359
