#{"t_start": 1716905567.2281659, "env_id": "Sprites-v0"}
r,l,t
26.633504,40,6.63698
27.493346,40,38.934491
29.824217,40,42.801002
25.230134,40,46.075532
31.096076,40,49.451507
30.585321,40,52.826966
24.465474,40,56.110585
24.072132,40,59.520828
25.378008,40,63.0697
28.337612,40,66.859563
