#{"t_start": 1716907224.9681978, "env_id": "Sprites-v0"}
r,l,t
31.719468,40,3.463209
