#{"t_start": 1716904908.466604, "env_id": "Sprites-v0"}
r,l,t
25.259174,40,7.247838
