#{"t_start": 1716869350.98471, "env_id": "Sprites-v0"}
r,l,t
30.454474,40,1.83645
24.293035,40,2.115277
26.583896,40,2.377231
25.52968,40,2.628319
24.742784,40,2.885276
32.293622,40,23.400314
30.010752,40,23.648746
20.171973,40,23.903244
26.897653,40,24.16215
28.225675,40,24.418057
26.605359,40,31.968673
24.954563,40,32.203316
31.533914,40,32.440417
31.916071,40,32.675442
28.33168,40,32.917605
