#{"t_start": 1716864958.322487, "env_id": "Sprites-v2"}
r,l,t
28.212019,40,1.415626
25.457797,40,1.810818
31.942112,40,2.097294
21.100888,40,2.375485
30.004833,40,2.622151
