#{"t_start": 1716906020.6676412, "env_id": "Sprites-v0"}
r,l,t
29.36758,40,2.911806
