#{"t_start": 1716904625.141381, "env_id": "Sprites-v0"}
r,l,t
24.179273,40,3.208036
22.832313,40,34.964612
35.124037,40,39.219904
30.838053,40,42.587569
