#{"t_start": 1716887203.265292, "env_id": "Sprites-v0"}
r,l,t
28.199948,40,1.254429
28.814636,40,9.227462
29.229719,40,10.347159
28.637622,40,11.472155
24.166427,40,12.586628
29.310934,40,13.719761
23.967186,40,14.827011
27.257511,40,15.871696
33.172187,40,16.944041
26.215143,40,17.992574
28.984381,40,19.087915
