#{"t_start": 1716864958.360246, "env_id": "Sprites-v2"}
r,l,t
31.726616,40,1.378075
29.426393,40,1.773244
30.183119,40,2.059758
27.451086,40,2.337873
31.043669,40,2.584529
