#{"t_start": 1716869350.95519, "env_id": "Sprites-v0"}
r,l,t
26.039124,40,1.865798
27.846751,40,2.144841
31.960573,40,2.407031
25.076979,40,2.657973
20.953939,40,2.914557
26.163466,40,23.429909
28.659741,40,23.678272
32.771993,40,23.932801
25.146224,40,24.191762
29.817067,40,24.447659
31.253407,40,31.998091
30.33859,40,32.232939
32.47561,40,32.470032
30.796893,40,32.705306
29.755253,40,32.947179
