#{"t_start": 1716905568.723973, "env_id": "Sprites-v0"}
r,l,t
30.510993,40,5.141389
27.989464,40,37.438865
22.868146,40,41.306582
27.325691,40,44.579711
28.192553,40,47.9558
26.731766,40,51.331391
27.233226,40,54.614779
28.054678,40,58.025491
34.959042,40,61.573958
26.207006,40,65.364058
