#{"t_start": 1716906019.9496498, "env_id": "Sprites-v0"}
r,l,t
23.871806,40,3.629844
