#{"t_start": 1716887203.0683677, "env_id": "Sprites-v0"}
r,l,t
26.782016,40,1.451899
27.037116,40,9.424967
29.187266,40,10.544098
27.140604,40,11.669546
27.454487,40,12.783659
24.912338,40,13.916748
26.138355,40,15.023782
23.693519,40,16.068584
24.554565,40,17.140961
24.968339,40,18.189512
29.029575,40,19.284839
