#{"t_start": 1716907223.5672681, "env_id": "Sprites-v0"}
r,l,t
24.713704,40,4.864316
