#{"t_start": 1716904908.014328, "env_id": "Sprites-v0"}
r,l,t
27.352363,40,7.700383
