#{"t_start": 1716904625.234252, "env_id": "Sprites-v0"}
r,l,t
33.170981,40,3.115287
24.921187,40,34.886721
33.95352,40,39.126758
29.495811,40,42.494907
