#{"t_start": 1716904624.973881, "env_id": "Sprites-v0"}
r,l,t
24.989269,40,3.375674
26.007125,40,35.136851
28.130969,40,39.387453
31.805816,40,42.755326
