#{"t_start": 1716905567.214858, "env_id": "Sprites-v0"}
r,l,t
27.098801,40,6.650763
26.046259,40,38.948098
22.835534,40,42.814352
33.564001,40,46.088971
27.904602,40,49.464894
27.612835,40,52.840535
27.749047,40,56.124036
27.821671,40,59.534427
31.736105,40,63.083286
29.559644,40,66.873199
