#{"t_start": 1716906020.027217, "env_id": "Sprites-v0"}
r,l,t
26.140653,40,3.552371
