#{"t_start": 1716864958.37282, "env_id": "Sprites-v2"}
r,l,t
28.111024,40,1.365874
24.973391,40,1.760291
23.754145,40,2.047384
32.103483,40,2.325457
28.729,40,2.57215
