#{"t_start": 1716887203.3852491, "env_id": "Sprites-v0"}
r,l,t
24.399919,40,1.134511
28.7522,40,9.10812
31.446591,40,10.227196
26.776214,40,11.352795
27.957484,40,12.467406
29.513077,40,13.600416
28.858802,40,14.707443
28.209353,40,15.751764
25.894343,40,16.824152
28.892706,40,17.872715
30.182095,40,18.968513
