#{"t_start": 1716869350.89907, "env_id": "Sprites-v0"}
r,l,t
29.296481,40,1.922136
28.148858,40,2.201257
24.910383,40,2.463186
31.012111,40,2.714245
24.576604,40,2.970003
29.702898,40,23.48517
29.70899,40,23.734419
32.007504,40,23.989043
32.302565,40,24.248108
23.241563,40,24.504467
29.490841,40,32.054387
30.918987,40,32.289225
32.075933,40,32.526329
27.472915,40,32.76146
27.285027,40,33.00286
