#{"t_start": 1716907224.436426, "env_id": "Sprites-v0"}
r,l,t
28.922357,40,3.995028
