#{"t_start": 1716904906.3313909, "env_id": "Sprites-v0"}
r,l,t
29.47354,40,9.383579
