#{"t_start": 1716864958.347743, "env_id": "Sprites-v2"}
r,l,t
30.535682,40,1.390985
26.444334,40,1.785598
29.144952,40,2.072484
29.063698,40,2.350771
30.644134,40,2.597276
