#{"t_start": 1716907223.542001, "env_id": "Sprites-v0"}
r,l,t
26.030157,40,4.889426
