#{"t_start": 1716906020.6924841, "env_id": "Sprites-v0"}
r,l,t
28.694739,40,2.88749
