#{"t_start": 1716904624.9098098, "env_id": "Sprites-v0"}
r,l,t
28.876756,40,3.440005
29.473993,40,35.196434
31.355688,40,39.451618
29.062202,40,42.81941
