#{"t_start": 1716905568.672786, "env_id": "Sprites-v0"}
r,l,t
18.309656,40,5.193012
30.325253,40,37.490201
33.462479,40,41.356676
30.120467,40,44.631055
23.214804,40,48.007079
29.018416,40,51.382616
27.820061,40,54.666237
26.399762,40,58.076508
30.224362,40,61.625364
28.288123,40,65.415284
