#{"t_start": 1716904910.464731, "env_id": "Sprites-v0"}
r,l,t
29.666211,40,5.252297
