#{"t_start": 1716869350.950284, "env_id": "Sprites-v0"}
r,l,t
29.055346,40,1.87201
28.211299,40,2.150159
30.057216,40,2.411941
22.503826,40,2.663038
30.023296,40,2.919073
26.233255,40,23.434799
19.348678,40,23.683354
31.203662,40,23.938015
26.187152,40,24.196938
26.132916,40,24.453174
16.424239,40,32.003141
23.008163,40,32.238035
29.768942,40,32.47511
27.139097,40,32.710256
26.504723,40,32.952182
