#{"t_start": 1716887203.5925648, "env_id": "Sprites-v0"}
r,l,t
20.909355,40,0.927727
31.621041,40,8.900813
26.67263,40,10.019949
25.152539,40,11.145565
29.006122,40,12.26017
21.383505,40,13.393115
24.497253,40,14.500089
27.438802,40,15.544477
29.768921,40,16.617356
24.803832,40,17.665351
30.259888,40,18.761201
