#{"t_start": 1716904910.554367, "env_id": "Sprites-v0"}
r,l,t
27.943773,40,5.16077
