#{"t_start": 1716864958.263705, "env_id": "Sprites-v2"}
r,l,t
31.96836,40,1.475063
30.550569,40,1.86962
28.595569,40,2.156506
33.337271,40,2.434822
33.693956,40,2.681301
