#{"t_start": 1716907224.2407029, "env_id": "Sprites-v0"}
r,l,t
31.035789,40,4.197856
