#{"t_start": 1716887203.2172456, "env_id": "Sprites-v0"}
r,l,t
33.106416,40,1.303396
31.426023,40,9.276157
33.471922,40,10.395759
28.136177,40,11.521308
26.994103,40,12.635563
31.855263,40,13.76843
28.280949,40,14.875474
25.522574,40,15.920313
25.809691,40,16.992684
29.260583,40,18.040727
29.936771,40,19.136583
