#{"t_start": 1716904625.1160672, "env_id": "Sprites-v0"}
r,l,t
27.171753,40,3.233742
31.184907,40,34.990119
23.742144,40,39.245384
29.763216,40,42.613153
