#{"t_start": 1716869350.8599129, "env_id": "Sprites-v0"}
r,l,t
21.469335,40,1.961228
31.794549,40,2.240543
27.832256,40,2.502396
29.150805,40,2.753441
26.277543,40,3.010127
28.843486,40,23.525866
22.903433,40,23.773831
28.30677,40,24.028387
28.408288,40,24.287308
34.611138,40,24.543851
27.651345,40,32.093684
26.351282,40,32.32841
26.443052,40,32.565534
31.10056,40,32.800288
29.749793,40,33.042759
