#{"t_start": 1716906020.695717, "env_id": "Sprites-v0"}
r,l,t
25.655106,40,2.884295
