#{"t_start": 1716905563.118423, "env_id": "Sprites-v0"}
r,l,t
28.015613,40,10.747229
20.900228,40,43.044583
24.3075,40,46.911053
26.247191,40,50.185562
30.505669,40,53.561599
33.151959,40,56.937089
27.931479,40,60.220611
25.048501,40,63.63088
30.512908,40,67.179856
22.916052,40,70.969811
