#{"t_start": 1716869350.971601, "env_id": "Sprites-v0"}
r,l,t
22.658098,40,1.849696
33.094849,40,2.128938
22.781046,40,2.390908
21.814563,40,2.64189
19.150397,40,2.898622
30.983265,40,23.414453
28.117448,40,23.662165
28.688992,40,23.916851
28.358395,40,24.17564
27.833565,40,24.431936
27.955117,40,31.981452
27.757833,40,32.216812
26.682337,40,32.453889
31.439184,40,32.688951
28.234837,40,32.931047
