#{"t_start": 1716905569.09791, "env_id": "Sprites-v0"}
r,l,t
30.778612,40,4.767899
31.031426,40,37.065244
21.498351,40,40.931569
19.07608,40,44.205509
25.738365,40,47.582135
31.179949,40,50.95764
32.698034,40,54.241168
27.341417,40,57.651583
24.414397,40,61.200477
30.59476,40,64.99045
