#{"t_start": 1716906020.5962849, "env_id": "Sprites-v0"}
r,l,t
24.207369,40,2.983744
