#{"t_start": 1716904910.009022, "env_id": "Sprites-v0"}
r,l,t
23.8517,40,5.706192
