#{"t_start": 1716907224.8794, "env_id": "Sprites-v0"}
r,l,t
25.681181,40,3.552125
