#{"t_start": 1716864958.2793548, "env_id": "Sprites-v2"}
r,l,t
30.857268,40,1.45952
27.742122,40,1.854251
32.435628,40,2.141043
28.256923,40,2.419224
29.884003,40,2.665742
