#{"t_start": 1716887203.3835435, "env_id": "Sprites-v0"}
r,l,t
29.365298,40,1.137264
28.165998,40,9.110402
30.403375,40,10.229974
30.881878,40,11.355232
18.823953,40,12.469798
31.438231,40,13.602574
31.70649,40,14.709709
27.859231,40,15.754054
31.255114,40,16.826906
29.800339,40,17.875008
30.431972,40,18.970285
