#{"t_start": 1716904625.033689, "env_id": "Sprites-v0"}
r,l,t
30.474511,40,3.316247
26.671715,40,35.072697
21.463876,40,39.329469
27.205748,40,42.69566
