#{"t_start": 1716907223.66919, "env_id": "Sprites-v0"}
r,l,t
26.629325,40,4.762498
