#{"t_start": 1716904908.135941, "env_id": "Sprites-v0"}
r,l,t
27.373374,40,7.579371
