#{"t_start": 1716905569.10784, "env_id": "Sprites-v0"}
r,l,t
24.317033,40,4.75788
31.552182,40,37.055362
33.267451,40,40.921906
33.967807,40,44.196164
31.258734,40,47.572282
24.155568,40,50.947804
28.693769,40,54.231318
25.19057,40,57.641482
33.757025,40,61.190554
27.794891,40,64.980552
