#{"t_start": 1716887203.2358418, "env_id": "Sprites-v0"}
r,l,t
33.381965,40,1.285866
37.125532,40,9.258139
22.42929,40,10.377652
22.325035,40,11.503337
27.823762,40,12.617496
30.286509,40,13.750798
30.092054,40,14.857473
25.968829,40,15.901742
30.063267,40,16.974652
28.967604,40,18.022737
30.416262,40,19.118535
