#{"t_start": 1716906016.234109, "env_id": "Sprites-v0"}
r,l,t
32.046926,40,7.346
