#{"t_start": 1716904626.434809, "env_id": "Sprites-v0"}
r,l,t
27.881207,40,1.915144
21.684961,40,33.676282
30.045241,40,37.926972
26.823387,40,41.294673
