#{"t_start": 1716904626.337878, "env_id": "Sprites-v0"}
r,l,t
23.748405,40,2.012326
27.763302,40,33.768419
24.576115,40,38.024281
31.357906,40,41.391604
