#{"t_start": 1716906014.731502, "env_id": "Sprites-v0"}
r,l,t
27.667347,40,8.84863
