#{"t_start": 1716887203.0172703, "env_id": "Sprites-v0"}
r,l,t
28.31907,40,1.504908
28.001326,40,9.477269
24.154004,40,10.596274
36.17617,40,11.722078
14.875994,40,12.836149
32.075433,40,13.969355
29.307488,40,15.076044
26.893418,40,16.120858
29.150809,40,17.193244
25.692287,40,18.241312
31.275266,40,19.337166
