#{"t_start": 1716904910.0978932, "env_id": "Sprites-v0"}
r,l,t
31.739791,40,5.617523
