#{"t_start": 1716905568.3044422, "env_id": "Sprites-v0"}
r,l,t
24.297942,40,5.561347
34.738114,40,37.858782
30.635479,40,41.725295
30.633815,40,44.999673
27.418297,40,48.375591
20.750045,40,51.751228
32.854549,40,55.03485
33.835808,40,58.445331
24.370895,40,61.994064
27.605237,40,65.783963
