#{"t_start": 1716907224.995014, "env_id": "Sprites-v0"}
r,l,t
26.298653,40,3.436549
