#{"t_start": 1716887203.532691, "env_id": "Sprites-v0"}
r,l,t
32.573436,40,0.98787
25.661055,40,8.961878
32.873021,40,10.081378
31.910206,40,11.20669
28.586559,40,12.320747
32.206965,40,13.453972
30.049283,40,14.560577
26.67416,40,15.605424
22.913855,40,16.677894
29.947544,40,17.726298
27.902003,40,18.821745
