#{"t_start": 1716907224.809719, "env_id": "Sprites-v0"}
r,l,t
26.859868,40,3.622087
