#{"t_start": 1716906019.2636511, "env_id": "Sprites-v0"}
r,l,t
31.908272,40,4.316638
