#{"t_start": 1716904910.647261, "env_id": "Sprites-v0"}
r,l,t
32.66513,40,5.068295
