#{"t_start": 1716905567.2690828, "env_id": "Sprites-v0"}
r,l,t
27.238631,40,6.59676
29.63577,40,38.894225
36.944293,40,42.760676
30.657586,40,46.03504
31.925906,40,49.411149
29.397163,40,52.786749
34.874947,40,56.070216
27.643333,40,59.480511
29.573218,40,63.02949
29.892326,40,66.819485
