#{"t_start": 1716904626.4008582, "env_id": "Sprites-v0"}
r,l,t
29.93264,40,1.949342
26.132379,40,33.715501
25.923557,40,37.960241
29.082838,40,41.328625
