#{"t_start": 1716906018.6963918, "env_id": "Sprites-v0"}
r,l,t
28.176196,40,4.883925
