#{"t_start": 1716904910.556376, "env_id": "Sprites-v0"}
r,l,t
30.576385,40,5.159197
