#{"t_start": 1716887203.0059125, "env_id": "Sprites-v0"}
r,l,t
19.582409,40,1.515183
31.812018,40,9.488657
23.05184,40,10.608182
29.56007,40,11.733555
20.714552,40,12.847546
27.361419,40,13.981281
25.553425,40,15.087866
25.867198,40,16.132202
29.344356,40,17.205249
24.18382,40,18.253275
29.359388,40,19.349073
