#{"t_start": 1716904624.878644, "env_id": "Sprites-v0"}
r,l,t
28.899188,40,3.472819
28.386919,40,35.227897
21.568256,40,39.483384
27.167779,40,42.85097
