#{"t_start": 1716907224.391057, "env_id": "Sprites-v0"}
r,l,t
22.956833,40,4.041637
