#{"t_start": 1716905568.268945, "env_id": "Sprites-v0"}
r,l,t
27.193674,40,5.597041
37.058166,40,37.894472
27.885789,40,41.760011
29.505925,40,45.035318
27.991249,40,48.411333
30.859766,40,51.78689
31.834216,40,55.07039
28.051359,40,58.480668
26.74657,40,62.029707
28.398744,40,65.81973
