#{"t_start": 1716887203.412876, "env_id": "Sprites-v0"}
r,l,t
30.66128,40,1.106207
28.854415,40,9.078626
30.910776,40,10.198216
21.139875,40,11.32327
31.466105,40,12.436989
27.757619,40,13.570812
27.10347,40,14.678057
29.613111,40,15.722704
22.004091,40,16.795074
29.662634,40,17.843643
32.182954,40,18.938554
