#{"t_start": 1716869350.849387, "env_id": "Sprites-v0"}
r,l,t
25.680166,40,1.970191
27.803107,40,2.249827
29.985455,40,2.512099
22.40566,40,2.763325
27.79014,40,3.01941
29.10657,40,23.534319
30.28995,40,23.783403
27.061543,40,24.038437
24.028207,40,24.297266
31.926417,40,24.553087
25.281424,40,32.103192
22.116607,40,32.338332
34.911852,40,32.575429
22.288547,40,32.81048
29.568831,40,33.052236
