#{"t_start": 1716904910.493029, "env_id": "Sprites-v0"}
r,l,t
24.865455,40,5.220945
