#{"t_start": 1716904625.079453, "env_id": "Sprites-v0"}
r,l,t
25.380542,40,3.269239
27.819943,40,35.026052
28.829394,40,39.281239
29.47021,40,42.649198
