#{"t_start": 1716907224.9728022, "env_id": "Sprites-v0"}
r,l,t
27.030043,40,3.458087
