#{"t_start": 1716864958.28496, "env_id": "Sprites-v2"}
r,l,t
29.326639,40,1.452571
28.18684,40,1.846654
24.681679,40,2.134502
25.724765,40,2.412083
27.087077,40,2.659332
