#{"t_start": 1716905566.86308, "env_id": "Sprites-v0"}
r,l,t
27.527441,40,7.001513
28.042771,40,39.2993
31.79157,40,43.165385
31.914577,40,46.439981
28.838167,40,49.815871
32.791123,40,53.191519
28.524149,40,56.475052
30.373566,40,59.885608
21.449169,40,63.434275
31.954499,40,67.224302
