#{"t_start": 1716906014.760164, "env_id": "Sprites-v0"}
r,l,t
24.154686,40,8.818727
