#{"t_start": 1716905569.094686, "env_id": "Sprites-v0"}
r,l,t
21.80471,40,4.771475
25.75905,40,37.068828
28.487001,40,40.935087
24.082236,40,44.209587
24.291733,40,47.585758
25.804415,40,50.961235
26.064313,40,54.244733
28.264092,40,57.655144
27.754968,40,61.204033
29.200067,40,64.994012
