#{"t_start": 1716907224.9854138, "env_id": "Sprites-v0"}
r,l,t
27.444537,40,3.446313
