#{"t_start": 1716904910.482421, "env_id": "Sprites-v0"}
r,l,t
30.579063,40,5.233186
