#{"t_start": 1716904624.630083, "env_id": "Sprites-v0"}
r,l,t
29.097589,40,3.720208
29.36299,40,35.476507
30.329565,40,39.73183
30.864664,40,43.099659
