#{"t_start": 1716906020.667638, "env_id": "Sprites-v0"}
r,l,t
21.099518,40,2.912778
