#{"t_start": 1716887203.5638697, "env_id": "Sprites-v0"}
r,l,t
25.617111,40,0.956938
29.621215,40,8.930743
26.218795,40,10.050205
23.061309,40,11.175877
27.876287,40,12.289641
22.636217,40,13.42332
24.943462,40,14.529909
28.615036,40,15.57425
24.659363,40,16.647301
27.131855,40,17.695339
29.476993,40,18.791101
