#{"t_start": 1716905568.5264452, "env_id": "Sprites-v0"}
r,l,t
23.391194,40,5.339973
24.081404,40,37.637081
28.132963,40,41.503345
32.26603,40,44.777949
27.14612,40,48.152771
32.889016,40,51.529472
20.387701,40,54.813121
23.756863,40,58.223355
19.609403,40,61.771082
25.894178,40,65.56227
