#{"t_start": 1716904909.321107, "env_id": "Sprites-v0"}
r,l,t
29.094774,40,6.399096
