#{"t_start": 1716904626.396197, "env_id": "Sprites-v0"}
r,l,t
19.882469,40,1.954255
31.557821,40,33.710521
22.995658,40,37.965443
30.753615,40,41.333544
