#{"t_start": 1716887203.5800765, "env_id": "Sprites-v0"}
r,l,t
31.109625,40,0.940319
28.773691,40,8.914545
27.021187,40,10.034421
27.298039,40,11.15967
29.099385,40,12.273457
29.484255,40,13.407241
21.062857,40,14.514307
27.268635,40,15.558564
22.96551,40,16.63118
29.983908,40,17.679155
30.134077,40,18.774959
