#{"t_start": 1716906020.700331, "env_id": "Sprites-v0"}
r,l,t
34.820643,40,2.880169
