#{"t_start": 1716907223.5400288, "env_id": "Sprites-v0"}
r,l,t
27.854907,40,4.892875
