#{"t_start": 1716904624.239582, "env_id": "Sprites-v0"}
r,l,t
29.131302,40,4.111009
30.494559,40,35.86722
28.144026,40,40.121372
26.978905,40,43.490162
