#{"t_start": 1716887203.609419, "env_id": "Sprites-v0"}
r,l,t
31.825451,40,0.912185
32.243609,40,8.885785
21.830416,40,10.005201
20.602138,40,11.130357
24.813709,40,12.244114
22.244034,40,13.377881
25.379271,40,14.484914
23.731356,40,15.529898
30.601159,40,16.601783
28.712585,40,17.649873
20.395349,40,18.745686
