#{"t_start": 1716905565.4392278, "env_id": "Sprites-v0"}
r,l,t
27.476483,40,8.427381
31.233643,40,40.724373
28.886835,40,44.590807
28.839137,40,47.865177
31.428391,40,51.241127
24.385737,40,54.616814
22.421572,40,57.900371
22.483205,40,61.310449
26.098081,40,64.859467
19.604327,40,68.649657
