#{"t_start": 1716907224.9458828, "env_id": "Sprites-v0"}
r,l,t
27.129343,40,3.485845
