#{"t_start": 1716904909.996796, "env_id": "Sprites-v0"}
r,l,t
34.234535,40,5.72325
