#{"t_start": 1716906020.683925, "env_id": "Sprites-v0"}
r,l,t
23.172485,40,2.89657
