#{"t_start": 1716904626.236114, "env_id": "Sprites-v0"}
r,l,t
24.903795,40,2.114491
18.089575,40,33.870605
25.546691,40,38.124986
31.710344,40,41.493752
