#{"t_start": 1716907223.759354, "env_id": "Sprites-v0"}
r,l,t
28.076965,40,4.67255
