#{"t_start": 1716906019.9163141, "env_id": "Sprites-v0"}
r,l,t
30.62744,40,3.664277
