#{"t_start": 1716905568.5948842, "env_id": "Sprites-v0"}
r,l,t
30.502103,40,5.271503
28.81775,40,37.568798
26.914019,40,41.435158
31.207626,40,44.709651
30.270911,40,48.084593
26.342986,40,51.461211
26.830295,40,54.744718
28.584634,40,58.155007
33.058114,40,61.70267
28.451258,40,65.494097
