#{"t_start": 1716887203.5631282, "env_id": "Sprites-v0"}
r,l,t
25.697058,40,0.959058
32.236269,40,8.932088
23.884961,40,10.051413
21.805246,40,11.176673
31.423848,40,12.290928
27.815775,40,13.424183
28.802166,40,14.531262
33.717542,40,15.575571
31.502691,40,16.648155
26.250827,40,17.696644
28.436186,40,18.791898
