#{"t_start": 1716904910.433059, "env_id": "Sprites-v0"}
r,l,t
25.144119,40,5.282837
