#{"t_start": 1716904910.614659, "env_id": "Sprites-v0"}
r,l,t
25.257823,40,5.100141
