#{"t_start": 1716887203.6041477, "env_id": "Sprites-v0"}
r,l,t
28.525786,40,0.917217
25.293851,40,8.891066
27.192795,40,10.010407
32.175212,40,11.135709
23.419102,40,12.250008
21.198064,40,13.383149
24.876906,40,14.490309
24.23209,40,15.534874
27.431104,40,16.607764
20.956298,40,17.655679
34.74422,40,18.750913
