#{"t_start": 1716906020.442846, "env_id": "Sprites-v0"}
r,l,t
29.618495,40,3.137866
