#{"t_start": 1716907222.8010612, "env_id": "Sprites-v0"}
r,l,t
30.018117,40,5.630823
