#{"t_start": 1716904626.381247, "env_id": "Sprites-v0"}
r,l,t
30.17926,40,1.969184
32.030841,40,33.725474
27.047581,40,37.980486
33.37939,40,41.348753
