#{"t_start": 1716905568.181751, "env_id": "Sprites-v0"}
r,l,t
29.609141,40,5.684659
31.52111,40,37.984539
30.994148,40,41.848291
28.428982,40,45.122798
33.441823,40,48.498759
26.725093,40,51.874656
17.828324,40,55.157997
29.988816,40,58.568187
27.134396,40,62.117099
29.910105,40,65.907267
