#{"t_start": 1716904910.5275788, "env_id": "Sprites-v0"}
r,l,t
27.576992,40,5.188569
