#{"t_start": 1716906020.010776, "env_id": "Sprites-v0"}
r,l,t
27.790571,40,3.570004
