#{"t_start": 1716904624.7315662, "env_id": "Sprites-v0"}
r,l,t
32.858187,40,3.618933
26.940737,40,35.380236
26.170965,40,39.630217
28.522625,40,42.998438
