#{"t_start": 1716887203.5222616, "env_id": "Sprites-v0"}
r,l,t
27.764619,40,0.99908
20.104241,40,8.972948
23.842484,40,10.092413
26.330713,40,11.217683
28.833794,40,12.331933
30.327818,40,13.465116
31.027616,40,14.572185
27.435557,40,15.616975
18.715753,40,16.689564
24.329903,40,17.737527
29.517826,40,18.832891
