#{"t_start": 1716905567.210538, "env_id": "Sprites-v0"}
r,l,t
33.750957,40,6.655986
27.512532,40,38.953415
31.453026,40,42.819518
25.314384,40,46.094248
28.512203,40,49.469996
34.294003,40,52.84432
27.401012,40,56.129243
28.55055,40,59.539419
32.978341,40,63.088379
33.576239,40,66.878499
