#{"t_start": 1716907224.948385, "env_id": "Sprites-v0"}
r,l,t
28.657156,40,3.482938
