#{"t_start": 1716904626.4110131, "env_id": "Sprites-v0"}
r,l,t
31.545753,40,1.939701
27.276418,40,33.695789
29.163049,40,37.950855
31.933654,40,41.319001
