#{"t_start": 1716887203.5378187, "env_id": "Sprites-v0"}
r,l,t
28.478998,40,0.983989
30.435593,40,8.957473
27.851335,40,10.076812
28.652703,40,11.202161
27.975645,40,12.316286
22.981397,40,13.449603
28.417423,40,14.556583
30.195829,40,15.601115
30.268948,40,16.674031
28.364539,40,17.722096
26.149278,40,18.817371
