#{"t_start": 1716906020.708389, "env_id": "Sprites-v0"}
r,l,t
23.830403,40,2.870888
