#{"t_start": 1716907223.454001, "env_id": "Sprites-v0"}
r,l,t
30.530905,40,4.977856
