#{"t_start": 1716904909.8805661, "env_id": "Sprites-v0"}
r,l,t
28.93685,40,5.835399
