#{"t_start": 1716905567.877388, "env_id": "Sprites-v0"}
r,l,t
28.864207,40,5.989505
32.160438,40,38.286596
27.849604,40,42.152928
21.316449,40,45.427268
28.133576,40,48.803382
20.624715,40,52.178775
19.395721,40,55.461146
31.776607,40,58.872735
25.649757,40,62.421582
33.909497,40,66.21181
