#{"t_start": 1716904910.504104, "env_id": "Sprites-v0"}
r,l,t
25.010569,40,5.211978
