#{"t_start": 1716904626.401122, "env_id": "Sprites-v0"}
r,l,t
27.823363,40,1.947994
28.935663,40,33.70579
26.597288,40,37.960785
28.736582,40,41.328923
