#{"t_start": 1716905565.9083772, "env_id": "Sprites-v0"}
r,l,t
29.270755,40,7.958555
28.414366,40,40.255582
24.359822,40,44.121955
26.038614,40,47.396343
26.163855,40,50.77231
31.58363,40,54.147795
27.890409,40,57.431433
30.51826,40,60.8419
26.733776,40,64.390611
30.139733,40,68.18092
