#{"t_start": 1716887203.185931, "env_id": "Sprites-v0"}
r,l,t
28.694252,40,1.336019
24.716284,40,9.30935
27.701775,40,10.428787
23.713062,40,11.554188
26.845527,40,12.668259
25.283717,40,13.801508
23.644908,40,14.908494
22.25397,40,15.952814
31.729271,40,17.02602
32.06075,40,18.073997
28.171868,40,19.169275
