#{"t_start": 1716906020.7083762, "env_id": "Sprites-v0"}
r,l,t
27.135708,40,2.87284
