#{"t_start": 1716907224.2777221, "env_id": "Sprites-v0"}
r,l,t
25.636208,40,4.155312
