#{"t_start": 1716904625.213815, "env_id": "Sprites-v0"}
r,l,t
29.76281,40,3.137341
21.926329,40,34.89317
26.77892,40,39.148095
21.889637,40,42.516398
