#{"t_start": 1716905568.306394, "env_id": "Sprites-v0"}
r,l,t
24.138727,40,5.560539
32.294586,40,37.857592
19.315301,40,41.722357
30.438104,40,44.998352
26.286154,40,48.372969
25.591582,40,51.749837
28.032941,40,55.033454
31.232824,40,58.443801
27.679414,40,61.992892
26.857984,40,65.782942
