#{"t_start": 1716906020.693412, "env_id": "Sprites-v0"}
r,l,t
31.451962,40,2.88755
