#{"t_start": 1716887203.392163, "env_id": "Sprites-v0"}
r,l,t
27.807602,40,1.129089
27.611459,40,9.103118
32.418875,40,10.22259
24.545553,40,11.347989
33.202478,40,12.462039
27.601792,40,13.595305
24.177272,40,14.702372
26.166169,40,15.746372
31.995168,40,16.81979
23.434286,40,17.867799
31.150418,40,18.963516
