#{"t_start": 1716904910.4866822, "env_id": "Sprites-v0"}
r,l,t
26.88289,40,5.228195
