#{"t_start": 1716905567.356817, "env_id": "Sprites-v0"}
r,l,t
30.527904,40,6.510212
28.59412,40,38.807232
33.456446,40,42.672374
30.928149,40,45.947988
29.64391,40,49.323891
29.190211,40,52.699578
28.274644,40,55.983032
24.020382,40,59.393406
31.806485,40,62.942577
22.387312,40,66.732535
