#{"t_start": 1716887203.5995631, "env_id": "Sprites-v0"}
r,l,t
19.253894,40,0.921467
26.524438,40,8.896295
32.305105,40,10.015211
24.618003,40,11.140625
29.181953,40,12.254652
33.226208,40,13.38834
25.681263,40,14.494997
27.605788,40,15.539773
29.433328,40,16.612452
26.369809,40,17.660342
30.275375,40,18.756135
