#{"t_start": 1716907224.8828642, "env_id": "Sprites-v0"}
r,l,t
24.854461,40,3.55025
