#{"t_start": 1716904626.1344929, "env_id": "Sprites-v0"}
r,l,t
28.761138,40,2.216492
24.02684,40,33.97246
27.856618,40,38.227459
25.91326,40,41.595754
