#{"t_start": 1716906020.508086, "env_id": "Sprites-v0"}
r,l,t
26.654835,40,3.072969
