#{"t_start": 1716904910.4766772, "env_id": "Sprites-v0"}
r,l,t
21.019915,40,5.239445
