#{"t_start": 1716906018.674056, "env_id": "Sprites-v0"}
r,l,t
30.676664,40,4.905073
