#{"t_start": 1716904625.0428228, "env_id": "Sprites-v0"}
r,l,t
28.839699,40,3.30609
26.698302,40,35.062942
28.174357,40,39.318168
31.70249,40,42.68602
