#{"t_start": 1716905564.4999738, "env_id": "Sprites-v0"}
r,l,t
30.766548,40,9.364632
26.429938,40,41.665379
33.390239,40,45.528689
21.098411,40,48.803297
25.169551,40,52.17918
29.654184,40,55.554874
31.355878,40,58.838482
27.409267,40,62.248974
26.117588,40,65.797178
23.097951,40,69.587608
