#{"t_start": 1716904908.158964, "env_id": "Sprites-v0"}
r,l,t
29.487103,40,7.555304
