#{"t_start": 1716869350.799389, "env_id": "Sprites-v0"}
r,l,t
31.895268,40,2.020307
28.945021,40,2.299994
26.862911,40,2.562352
22.703257,40,2.813513
28.503534,40,3.06958
28.176143,40,23.584443
29.525977,40,23.833547
32.677391,40,24.087755
31.801526,40,24.347113
26.854853,40,24.603575
23.351547,40,32.153366
30.896101,40,32.388645
32.876847,40,32.62565
34.513941,40,32.860594
31.434173,40,33.102389
