#{"t_start": 1716907224.3934588, "env_id": "Sprites-v0"}
r,l,t
27.271316,40,4.038687
