#{"t_start": 1716887202.813074, "env_id": "Sprites-v0"}
r,l,t
29.17104,40,1.706018
21.974508,40,9.67889
23.807106,40,10.798472
23.126119,40,11.923101
32.026946,40,13.036835
32.223339,40,14.170671
28.792284,40,15.277854
25.387792,40,16.322617
32.666111,40,17.394952
20.667648,40,18.443511
31.007017,40,19.538363
