#{"t_start": 1716864958.332878, "env_id": "Sprites-v2"}
r,l,t
28.785306,40,1.40495
31.848129,40,1.799205
31.448579,40,2.086904
29.895767,40,2.36451
32.225992,40,2.611669
