#{"t_start": 1716905568.965921, "env_id": "Sprites-v0"}
r,l,t
26.537333,40,4.901145
26.846109,40,37.198112
25.390752,40,41.064391
34.027906,40,44.33899
27.673753,40,47.714832
32.854083,40,51.090454
30.645204,40,54.374144
25.316381,40,57.784432
29.782722,40,61.333427
30.938766,40,65.123592
