#{"t_start": 1716887203.5366628, "env_id": "Sprites-v0"}
r,l,t
34.167401,40,0.984872
22.523238,40,8.959302
27.451608,40,10.078523
23.064813,40,11.203893
26.529852,40,12.317578
27.573757,40,13.45127
28.100125,40,14.557906
18.58551,40,15.602568
28.962097,40,16.675313
21.379046,40,17.723354
28.427291,40,18.819061
