#{"t_start": 1716904626.400064, "env_id": "Sprites-v0"}
r,l,t
25.88002,40,1.951011
28.831652,40,33.706899
29.339188,40,37.962092
24.106921,40,41.330211
