#{"t_start": 1716907224.892548, "env_id": "Sprites-v0"}
r,l,t
26.002874,40,3.539466
