#{"t_start": 1716906019.3362381, "env_id": "Sprites-v0"}
r,l,t
29.337571,40,4.244941
