#{"t_start": 1716904910.4680479, "env_id": "Sprites-v0"}
r,l,t
25.408403,40,5.248109
