#{"t_start": 1716904910.5269408, "env_id": "Sprites-v0"}
r,l,t
32.916776,40,5.187989
