#{"t_start": 1716905569.0821362, "env_id": "Sprites-v0"}
r,l,t
29.907502,40,4.785101
31.742302,40,37.081918
24.039646,40,40.948221
27.078107,40,44.222858
31.74138,40,47.598629
29.339983,40,50.974342
27.140225,40,54.257932
29.693938,40,57.668245
24.828081,40,61.217259
35.622223,40,65.007472
