#{"t_start": 1716887203.6650872, "env_id": "Sprites-v0"}
r,l,t
29.703425,40,0.857229
33.678516,40,8.830802
25.987456,40,9.950139
28.160075,40,11.075495
20.518532,40,12.189077
33.939029,40,13.32287
35.343738,40,14.429976
29.955076,40,15.473503
28.162369,40,16.546977
28.027548,40,17.594929
33.888246,40,18.69077
