#{"t_start": 1716904626.387774, "env_id": "Sprites-v0"}
r,l,t
33.355427,40,1.963591
31.167259,40,33.719296
33.451186,40,37.974355
29.857027,40,41.342514
