#{"t_start": 1716907224.866425, "env_id": "Sprites-v0"}
r,l,t
24.918013,40,3.567147
