#{"t_start": 1716906019.673067, "env_id": "Sprites-v0"}
r,l,t
22.203117,40,3.908102
