#{"t_start": 1716904910.5408158, "env_id": "Sprites-v0"}
r,l,t
23.308009,40,5.173542
