#{"t_start": 1716904620.515062, "env_id": "Sprites-v0"}
r,l,t
21.823688,40,7.833864
25.918757,40,39.590725
29.823408,40,43.845892
25.744165,40,47.213773
