#{"t_start": 1716864958.322071, "env_id": "Sprites-v2"}
r,l,t
31.309742,40,1.415748
25.052146,40,1.81026
26.461204,40,2.097693
30.814412,40,2.375125
30.58347,40,2.622476
