#{"t_start": 1716869350.712682, "env_id": "Sprites-v0"}
r,l,t
33.35641,40,2.106766
29.074595,40,2.387001
25.607109,40,2.64926
31.183615,40,2.900327
31.357857,40,3.15649
27.758696,40,23.671263
28.471297,40,23.920444
24.466142,40,24.174687
26.14588,40,24.434025
28.321511,40,24.69018
27.75655,40,32.240051
30.425098,40,32.475352
25.174141,40,32.712357
29.554643,40,32.94768
24.868289,40,33.189301
