#{"t_start": 1716905569.078044, "env_id": "Sprites-v0"}
r,l,t
24.486182,40,4.786808
27.362727,40,37.084583
30.475857,40,40.950733
28.812188,40,44.225244
31.305865,40,47.601162
33.321852,40,50.976825
30.639151,40,54.260395
26.13357,40,57.670904
25.515713,40,61.219425
28.654915,40,65.00956
