#{"t_start": 1716887203.3802178, "env_id": "Sprites-v0"}
r,l,t
31.123062,40,1.138911
32.367505,40,9.111309
30.896765,40,10.230981
29.26234,40,11.356028
24.959685,40,12.470337
29.017225,40,13.604156
32.48736,40,14.71071
26.052628,40,15.755475
30.877426,40,16.827809
25.233007,40,17.876496
27.257396,40,18.97174
