#{"t_start": 1716906019.5467, "env_id": "Sprites-v0"}
r,l,t
29.210977,40,4.032428
