#{"t_start": 1716907223.548244, "env_id": "Sprites-v0"}
r,l,t
26.847129,40,4.882891
