#{"t_start": 1716904624.821694, "env_id": "Sprites-v0"}
r,l,t
33.895184,40,3.527163
28.028568,40,35.283951
24.135609,40,39.539881
30.0049,40,42.907199
