#{"t_start": 1716869350.92436, "env_id": "Sprites-v0"}
r,l,t
26.148612,40,1.895276
27.085778,40,2.175532
20.140692,40,2.437452
31.137229,40,2.688584
34.16137,40,2.945605
28.660128,40,23.460037
27.513961,40,23.708934
28.207708,40,23.963061
27.977209,40,24.222359
31.733522,40,24.478239
29.794873,40,32.028429
30.73648,40,32.26372
25.613366,40,32.50075
31.715063,40,32.73585
29.417908,40,32.977693
