#{"t_start": 1716864958.368982, "env_id": "Sprites-v2"}
r,l,t
24.741042,40,1.368875
29.955785,40,1.763615
30.21324,40,2.050638
29.817888,40,2.328391
28.194844,40,2.575588
