#{"t_start": 1716907223.940253, "env_id": "Sprites-v0"}
r,l,t
28.082167,40,4.490879
