#{"t_start": 1716887203.344077, "env_id": "Sprites-v0"}
r,l,t
31.852307,40,1.178279
30.507124,40,9.148387
25.370957,40,10.268837
22.914436,40,11.392719
31.453575,40,12.506462
24.604953,40,13.640269
30.593945,40,14.747423
23.642922,40,15.792204
22.115634,40,16.8646
31.000491,40,17.913101
25.93409,40,19.007881
