#{"t_start": 1716904910.493168, "env_id": "Sprites-v0"}
r,l,t
30.943734,40,5.220951
