#{"t_start": 1716905564.927687, "env_id": "Sprites-v0"}
r,l,t
27.641669,40,8.937089
24.071815,40,41.234916
27.554387,40,45.100992
29.720456,40,48.375634
30.679828,40,51.751472
34.30679,40,55.127188
28.163708,40,58.410771
32.034471,40,61.821308
28.465368,40,65.370022
30.424322,40,69.159918
