#{"t_start": 1716906020.677817, "env_id": "Sprites-v0"}
r,l,t
32.866803,40,2.901356
