#{"t_start": 1716907223.3583272, "env_id": "Sprites-v0"}
r,l,t
29.344238,40,5.073932
