#{"t_start": 1716905565.502357, "env_id": "Sprites-v0"}
r,l,t
26.418348,40,8.362494
29.974028,40,40.660289
24.287073,40,44.527055
32.754432,40,47.800987
32.189245,40,51.177295
29.281761,40,54.552548
28.228808,40,57.836372
28.550238,40,61.246625
28.873884,40,64.795323
32.354522,40,68.585311
