#{"t_start": 1716904910.590776, "env_id": "Sprites-v0"}
r,l,t
35.156386,40,5.123613
