#{"t_start": 1716869350.9146209, "env_id": "Sprites-v0"}
r,l,t
24.612595,40,1.905216
30.204531,40,2.185196
29.074832,40,2.447106
30.784656,40,2.698288
31.854952,40,2.954581
26.144054,40,23.470015
25.982481,40,23.718466
26.518513,40,23.972765
27.272184,40,24.232563
28.919786,40,24.488574
31.723329,40,32.038485
30.767172,40,32.273458
23.120054,40,32.510499
22.745294,40,32.745776
29.932239,40,32.987302
