#{"t_start": 1716904625.240182, "env_id": "Sprites-v0"}
r,l,t
22.530435,40,3.108825
30.070248,40,34.865582
32.216729,40,39.120975
32.631066,40,42.488723
