#{"t_start": 1716887203.5822494, "env_id": "Sprites-v0"}
r,l,t
26.359232,40,0.93741
29.87294,40,8.909897
25.792394,40,10.029542
30.446146,40,11.154552
32.321615,40,12.268328
30.295094,40,13.402117
25.749493,40,14.509327
30.737901,40,15.554019
24.288385,40,16.626372
30.920335,40,17.674957
30.208157,40,18.770334
