#{"t_start": 1716864958.289036, "env_id": "Sprites-v2"}
r,l,t
30.114405,40,1.448646
29.885072,40,1.843611
31.648887,40,2.130729
27.663441,40,2.408277
21.836689,40,2.655516
