#{"t_start": 1716869350.817991, "env_id": "Sprites-v0"}
r,l,t
25.643746,40,2.00311
29.014935,40,2.281933
23.083984,40,2.543614
28.920181,40,2.794852
30.491031,40,3.051203
27.916765,40,23.566064
29.148005,40,23.815138
29.658969,40,24.069568
31.407831,40,24.328603
28.153861,40,24.584776
28.404881,40,32.135106
26.613604,40,32.369836
25.221623,40,32.606947
25.14331,40,32.842258
24.59223,40,33.083932
