#{"t_start": 1716906020.668628, "env_id": "Sprites-v0"}
r,l,t
30.177144,40,2.910716
