#{"t_start": 1716904910.244097, "env_id": "Sprites-v0"}
r,l,t
30.034198,40,5.470077
