#{"t_start": 1716905569.085954, "env_id": "Sprites-v0"}
r,l,t
21.905961,40,4.778911
27.666379,40,37.076572
27.731158,40,40.943068
29.356843,40,44.217446
29.506065,40,47.593718
32.224696,40,50.969601
29.85857,40,54.252419
27.994424,40,57.662806
24.36684,40,61.212188
33.602475,40,65.001667
