#{"t_start": 1716907216.2819, "env_id": "Sprites-v0"}
r,l,t
23.864205,40,12.149122
