#{"t_start": 1716904621.132611, "env_id": "Sprites-v0"}
r,l,t
30.383558,40,7.216516
29.231859,40,38.974758
30.707713,40,43.228537
31.414921,40,46.596302
