#{"t_start": 1716864958.345429, "env_id": "Sprites-v2"}
r,l,t
28.782357,40,1.392394
26.857493,40,1.787413
30.440447,40,2.074401
27.136761,40,2.352297
20.513056,40,2.599008
