#{"t_start": 1716887203.4665828, "env_id": "Sprites-v0"}
r,l,t
20.617267,40,1.053595
26.915542,40,9.025563
29.512244,40,10.145242
29.465089,40,11.270544
22.460192,40,12.384631
25.08277,40,13.517857
24.103143,40,14.624994
28.511381,40,15.669714
30.342678,40,16.742066
28.515361,40,17.790654
22.306461,40,18.885963
