#{"t_start": 1716864958.371197, "env_id": "Sprites-v2"}
r,l,t
22.215396,40,1.366905
23.279658,40,1.760584
29.927415,40,2.048637
29.196748,40,2.326537
26.974917,40,2.573443
