#{"t_start": 1716905569.090057, "env_id": "Sprites-v0"}
r,l,t
30.31511,40,4.774882
31.191769,40,37.072555
28.365555,40,40.938973
32.88289,40,44.213344
28.471092,40,47.589629
25.152141,40,50.965063
26.285503,40,54.248367
27.250526,40,57.658901
25.449573,40,61.207304
29.526929,40,64.997681
