#{"t_start": 1716887203.6268656, "env_id": "Sprites-v0"}
r,l,t
29.430397,40,0.892864
25.983493,40,8.865289
34.369172,40,9.985135
31.07994,40,11.110291
25.527096,40,12.224348
27.338316,40,13.358187
26.821616,40,14.465319
29.492641,40,15.509507
26.278908,40,16.581812
28.868617,40,17.630444
32.062269,40,18.725703
