#{"t_start": 1716906019.0840268, "env_id": "Sprites-v0"}
r,l,t
30.976189,40,4.495312
