#{"t_start": 1716904908.346797, "env_id": "Sprites-v0"}
r,l,t
26.80521,40,7.367382
