#{"t_start": 1716907224.9222798, "env_id": "Sprites-v0"}
r,l,t
33.435008,40,3.509886
