#{"t_start": 1716869350.8986208, "env_id": "Sprites-v0"}
r,l,t
31.143241,40,1.921884
31.628982,40,2.201562
30.189553,40,2.463265
29.763248,40,2.714403
25.350345,40,2.971383
26.057198,40,23.486023
27.408385,40,23.734533
24.214137,40,23.989153
21.556785,40,24.248226
27.778893,40,24.504598
33.292519,40,32.054483
34.722963,40,32.289411
30.462757,40,32.526493
23.856339,40,32.761642
28.91525,40,33.00344
