#{"t_start": 1716904625.274387, "env_id": "Sprites-v0"}
r,l,t
28.756134,40,3.074725
31.287403,40,34.832984
28.986116,40,39.08677
30.762967,40,42.454558
