#{"t_start": 1716907224.989661, "env_id": "Sprites-v0"}
r,l,t
21.202892,40,3.441651
