#{"t_start": 1716887203.388117, "env_id": "Sprites-v0"}
r,l,t
28.680557,40,1.131612
32.180804,40,9.104626
32.915025,40,10.223732
23.82787,40,11.34914
28.830183,40,12.463726
31.928569,40,13.596907
28.516644,40,14.704034
25.004496,40,15.748816
26.308258,40,16.820636
28.678554,40,17.869216
32.990238,40,18.964522
