#{"t_start": 1716906019.988874, "env_id": "Sprites-v0"}
r,l,t
23.823607,40,3.590482
