#{"t_start": 1716904910.219007, "env_id": "Sprites-v0"}
r,l,t
32.054576,40,5.495417
