#{"t_start": 1716905569.119021, "env_id": "Sprites-v0"}
r,l,t
30.507888,40,4.746043
28.940625,40,37.043704
23.313873,40,40.910036
25.717521,40,44.184385
29.896151,40,47.560631
27.730104,40,50.936142
25.855762,40,54.219573
35.004332,40,57.62997
32.878332,40,61.178775
30.22676,40,64.968715
