#{"t_start": 1716869350.785581, "env_id": "Sprites-v0"}
r,l,t
25.550352,40,2.035788
31.374212,40,2.314344
25.201514,40,2.576293
30.607411,40,2.827433
18.879844,40,3.084178
23.030844,40,23.599259
26.751034,40,23.847722
24.895475,40,24.10229
29.84576,40,24.36126
28.759742,40,24.617715
29.794321,40,32.16779
29.83625,40,32.402438
28.160817,40,32.639527
28.780993,40,32.874703
30.614911,40,33.116555
