#{"t_start": 1716864958.3669178, "env_id": "Sprites-v2"}
r,l,t
27.69935,40,1.371183
24.941797,40,1.765956
29.374196,40,2.05295
26.552541,40,2.330828
29.489022,40,2.577722
