#{"t_start": 1716904626.412559, "env_id": "Sprites-v0"}
r,l,t
30.691768,40,1.936847
29.515884,40,33.693208
30.348334,40,37.948501
26.235275,40,41.316389
